Corp	Tours	Key_Accounts
GE	0.10069108308662117	0.045296463390387814
AMEX	0.04076903848429238	0.0096463390387814
Fidelity	0.10318269548054262	0.03390387814
BT	0.05880239155316942	0.0045296463390387745
Westpac	0.1908578484310064	0.0765387676
CVC	0.10663641563053275	0.0045296463390387676
Fujitsu	0.04523420524963677	0.006463390387814
TATA	0.07214855298991701	0.0077390387814
